<?xml version="1.0" encoding="UTF-8" standalone="yes"?>
<addon id="repository.lanet.ua" name="Lanet Network Add-ons for Kodi" version="1.0.0" provider-name="lanet.ua">
	<extension point="xbmc.addon.repository" name="Lanet Network Add-ons for Kodi">
		<info compressed="false">http://kodi.lanet.tv/repository.lanet.ua/addons.xml</info>
		<checksum>http://kodi.lanet.tv/repository.lanet.ua/addons.xml.md5</checksum>
		<datadir zip="true">http://kodi.lanet.tv/repository.lanet.ua/</datadir>
	</extension>
	<extension point="xbmc.addon.metadata">
		<summary>Lanet Network Add-ons Repository</summary>
		<description>Plug-ins for Kodi</description>
		<platform>all</platform>
	</extension>
</addon>
